what,kind,bundleId,bundleVersion,description,time
started,bundle,com.android.ide.eclipse.ddms,18.0.0.v201203301601-306762,"com.android.ide.eclipse.ddms",1339756340679
started,bundle,org.eclipse.equinox.p2.operations,2.1.1.R37x_v20111111,"org.eclipse.equinox.p2.operations",1339756340772
started,bundle,org.eclipse.equinox.p2.engine,2.1.1.R37x_v20111003,"org.eclipse.equinox.p2.engine",1339756340834
started,bundle,org.eclipse.equinox.p2.metadata,2.1.0.v20110815-1419,"org.eclipse.equinox.p2.metadata",1339756340974
started,bundle,org.eclipse.equinox.p2.repository,2.1.1.v20120113-1346,"org.eclipse.equinox.p2.repository",1339756341083
started,bundle,org.eclipse.equinox.p2.metadata.repository,1.2.0.v20110815-1419,"org.eclipse.equinox.p2.metadata.repository",1339756341098
started,bundle,org.eclipse.equinox.p2.ui.sdk.scheduler,1.0.100.v20110815-1419,"org.eclipse.equinox.p2.ui.sdk.scheduler",1339756341688
started,bundle,org.eclipse.equinox.p2.updatechecker,1.1.200.v20110815-1419,"org.eclipse.equinox.p2.updatechecker",1339756341781
started,bundle,org.eclipse.jst.ws.jaxws.utils,1.0.100.v201201031437,"org.eclipse.jst.ws.jaxws.utils",1339756341828
started,bundle,org.eclipse.mylyn.team.ui,3.7.1.v20120425-0100,"org.eclipse.mylyn.team.ui",1339756342061
deactivated,workbench,org.eclipse.ui.workbench,3.7.1.v20120104-1859,"",1339756343831
started,bundle,com.android.ide.eclipse.traceview,18.0.0.v201203301601-306762,"com.android.ide.eclipse.traceview",1339756345927
activated,workbench,org.eclipse.ui.workbench,3.7.1.v20120104-1859,"",1339756346688
executed,command,,,"AUTOGEN:::org.eclipse.jdt.internal.ui.CompilationUnitEditor.ruler.actions/org.eclipse.jdt.internal.ui.javaeditor.JavaSelectRulerAction",1339756347232
started,bundle,org.eclipse.pde.launching,3.6.0.v20110506,"org.eclipse.pde.launching",1339756353427
started,bundle,org.eclipse.ui.views.log,1.0.200.v20110404,"org.eclipse.ui.views.log",1339756353505
started,bundle,org.eclipse.pde.ui,3.6.100.v20120103_r372,"org.eclipse.pde.ui",1339756353644
executed,command,org.eclipse.ui,3.7.0.v20110928-1505,"org.eclipse.ui.edit.delete",1339756380740
executed,command,org.eclipse.ui,3.7.0.v20110928-1505,"org.eclipse.ui.file.save",1339756381579
deactivated,workbench,org.eclipse.ui.workbench,3.7.1.v20120104-1859,"",1339756385616
activated,workbench,org.eclipse.ui.workbench,3.7.1.v20120104-1859,"",1339756391062
deactivated,workbench,org.eclipse.ui.workbench,3.7.1.v20120104-1859,"",1339756395703
activated,workbench,org.eclipse.ui.workbench,3.7.1.v20120104-1859,"",1339756396812
deactivated,workbench,org.eclipse.ui.workbench,3.7.1.v20120104-1859,"",1339756396847
activated,workbench,org.eclipse.ui.workbench,3.7.1.v20120104-1859,"",1339756396968
deactivated,workbench,org.eclipse.ui.workbench,3.7.1.v20120104-1859,"",1339756397043
activated,workbench,org.eclipse.ui.workbench,3.7.1.v20120104-1859,"",1339756397926
deactivated,workbench,org.eclipse.ui.workbench,3.7.1.v20120104-1859,"",1339756397947
activated,workbench,org.eclipse.ui.workbench,3.7.1.v20120104-1859,"",1339756407514
deactivated,workbench,org.eclipse.ui.workbench,3.7.1.v20120104-1859,"",1339756410801
activated,workbench,org.eclipse.ui.workbench,3.7.1.v20120104-1859,"",1339756491043
opened,editor,org.eclipse.jdt.ui,3.7.2.v20120109-1427,"org.eclipse.jdt.ui.CompilationUnitEditor",1339756493899
activated,editor,org.eclipse.jdt.ui,3.7.2.v20120109-1427,"org.eclipse.jdt.ui.CompilationUnitEditor",1339756493926
activated,editor,org.eclipse.jdt.ui,3.7.2.v20120109-1427,"org.eclipse.jdt.ui.CompilationUnitEditor",1339756494873
deactivated,workbench,org.eclipse.ui.workbench,3.7.1.v20120104-1859,"",1339756508718
activated,workbench,org.eclipse.ui.workbench,3.7.1.v20120104-1859,"",1339756556762
activated,view,org.eclipse.ui.navigator.resources,3.4.300.v20110928-1505,"org.eclipse.ui.navigator.ProjectExplorer",1339756578928
started,bundle,org.eclipse.jst.ws.jaxws.dom.integration,1.0.101.v201201031437,"org.eclipse.jst.ws.jaxws.dom.integration",1339756579176
started,bundle,org.eclipse.jst.ws.jaxws.dom.ui,1.0.0.v201004171919,"org.eclipse.jst.ws.jaxws.dom.ui",1339756579196
started,bundle,org.eclipse.jpt.common.core,1.0.2.v201111103010,"org.eclipse.jpt.common.core",1339756579392
started,bundle,org.eclipse.jpt.jpa.core,3.0.2.v201201243020,"org.eclipse.jpt.jpa.core",1339756579394
started,bundle,org.eclipse.wst.sse.core,1.1.602.v201112071516,"org.eclipse.wst.sse.core",1339756579439
activated,editor,org.eclipse.jdt.ui,3.7.2.v20120109-1427,"org.eclipse.jdt.ui.CompilationUnitEditor",1339756604381
executed,command,org.eclipse.ui,3.7.0.v20110928-1505,"org.eclipse.ui.edit.delete",1339756605374
executed,command,org.eclipse.ui,3.7.0.v20110928-1505,"org.eclipse.ui.edit.delete",1339756605891
executed,command,org.eclipse.ui,3.7.0.v20110928-1505,"org.eclipse.ui.edit.delete",1339756606154
executed,command,org.eclipse.ui,3.7.0.v20110928-1505,"org.eclipse.ui.edit.delete",1339756606377
executed,command,org.eclipse.ui,3.7.0.v20110928-1505,"org.eclipse.ui.edit.delete",1339756606577
executed,command,org.eclipse.ui,3.7.0.v20110928-1505,"org.eclipse.ui.edit.delete",1339756606769
executed,command,org.eclipse.ui,3.7.0.v20110928-1505,"org.eclipse.ui.edit.delete",1339756606976
executed,command,org.eclipse.ui,3.7.0.v20110928-1505,"org.eclipse.ui.edit.delete",1339756607176
executed,command,org.eclipse.ui,3.7.0.v20110928-1505,"org.eclipse.ui.edit.delete",1339756607408
executed,command,org.eclipse.ui,3.7.0.v20110928-1505,"org.eclipse.ui.edit.delete",1339756607911
executed,command,org.eclipse.ui,3.7.0.v20110928-1505,"org.eclipse.ui.file.save",1339756608903
executed,command,org.eclipse.ui,3.7.0.v20110928-1505,"org.eclipse.ui.edit.copy",1339756697595
executed,command,org.eclipse.ui,3.7.0.v20110928-1505,"org.eclipse.ui.edit.paste",1339756705506
executed,command,org.eclipse.ui,3.7.0.v20110928-1505,"org.eclipse.ui.file.save",1339756706284
activated,view,org.eclipse.ui.navigator.resources,3.4.300.v20110928-1505,"org.eclipse.ui.navigator.ProjectExplorer",1339756712231
started,bundle,org.eclipse.wst.ws.service.policy.ui,1.0.300.v201108240515,"org.eclipse.wst.ws.service.policy.ui",1339756712381
started,bundle,org.eclipse.wst.ws.service.policy,1.0.303.v201009221810,"org.eclipse.wst.ws.service.policy",1339756712382
started,bundle,org.eclipse.wst.command.env,1.0.409.v201004211805,"org.eclipse.wst.command.env",1339756712416
started,bundle,org.eclipse.wst.ws,1.1.203.v201004211805,"org.eclipse.wst.ws",1339756712417
started,bundle,org.eclipse.compare,3.5.202.R37x_v20111109-0800,"org.eclipse.compare",1339756712540
started,bundle,org.eclipse.debug.ui,3.7.102.v20111129-1423_r372,"org.eclipse.debug.ui",1339756713580
started,bundle,org.eclipse.jdt.junit.core,3.7.0.v20110928-1453,"org.eclipse.jdt.junit.core",1339756713594
executed,command,,,"com.android.ide.eclipse.adt.debug.launching.LaunchShortcut.run",1339756714744
opened,view,org.eclipse.ui.console,3.5.100.v20111007_r372,"org.eclipse.ui.console.ConsoleView",1339756717469
started,bundle,org.eclipse.jdt.debug.ui,3.6.1.v20111006_r372,"org.eclipse.jdt.debug.ui",1339756726004
activated,editor,org.eclipse.jdt.ui,3.7.2.v20120109-1427,"org.eclipse.jdt.ui.CompilationUnitEditor",1339756726025
executed,command,org.eclipse.ui,3.7.0.v20110928-1505,"org.eclipse.ui.edit.copy",1339756741460
started,bundle,org.eclipse.mylyn.java.tasks,3.7.1.v20120425-0100,"org.eclipse.mylyn.java.tasks",1339756741681
executed,command,org.eclipse.ui,3.7.0.v20110928-1505,"org.eclipse.ui.edit.paste",1339756746101
executed,command,org.eclipse.ui,3.7.0.v20110928-1505,"org.eclipse.ui.file.save",1339756746917
deactivated,workbench,org.eclipse.ui.workbench,3.7.1.v20120104-1859,"",1339756757308
opened,view,com.android.ide.eclipse.ddms,18.0.0.v201203301601-306762,"com.android.ide.eclipse.ddms.views.LogCatView",1339756762738
activated,view,com.android.ide.eclipse.ddms,18.0.0.v201203301601-306762,"com.android.ide.eclipse.ddms.views.LogCatView",1339756762758
activated,workbench,org.eclipse.ui.workbench,3.7.1.v20120104-1859,"",1339756767044
activated,editor,org.eclipse.jdt.ui,3.7.2.v20120109-1427,"org.eclipse.jdt.ui.CompilationUnitEditor",1339756767073
activated,view,org.eclipse.ui.navigator.resources,3.4.300.v20110928-1505,"org.eclipse.ui.navigator.ProjectExplorer",1339756768100
executed,command,,,"com.android.ide.eclipse.adt.debug.launching.LaunchShortcut.run",1339756770806
deactivated,workbench,org.eclipse.ui.workbench,3.7.1.v20120104-1859,"",1339756772851
activated,view,com.android.ide.eclipse.ddms,18.0.0.v201203301601-306762,"com.android.ide.eclipse.ddms.views.LogCatView",1339756798370
activated,workbench,org.eclipse.ui.workbench,3.7.1.v20120104-1859,"",1339756801763
activated,view,org.eclipse.ui.navigator.resources,3.4.300.v20110928-1505,"org.eclipse.ui.navigator.ProjectExplorer",1339756801776
activated,view,com.android.ide.eclipse.ddms,18.0.0.v201203301601-306762,"com.android.ide.eclipse.ddms.views.LogCatView",1339756803422
activated,view,org.eclipse.ui.navigator.resources,3.4.300.v20110928-1505,"org.eclipse.ui.navigator.ProjectExplorer",1339756810308
opened,view,org.eclipse.jdt.ui,3.7.2.v20120109-1427,"org.eclipse.jdt.ui.PackageExplorer",1339756810407
opened,view,org.eclipse.ui.ide,3.7.0.v20110928-1505,"org.eclipse.ui.views.ProblemView",1339756810476
opened,view,org.eclipse.ui.views,3.6.0.v20110928-1505,"org.eclipse.ui.views.ContentOutline",1339756810530
started,bundle,org.eclipse.mylyn.tasks.index.core,3.7.1.v20120425-0100,"org.eclipse.mylyn.tasks.index.core",1339756810621
started,bundle,org.eclipse.mylyn.commons.notifications.ui,0.9.1.v20120425-0100,"org.eclipse.mylyn.commons.notifications.ui",1339756810851
opened,view,org.eclipse.mylyn.tasks.ui,3.7.1.v20120425-0100,"org.eclipse.mylyn.tasks.ui.views.tasks",1339756810898
activated,perspective,org.eclipse.jdt.ui,3.7.2.v20120109-1427,"org.eclipse.jdt.ui.JavaPerspective",1339756810917
activated,editor,org.eclipse.jdt.ui,3.7.2.v20120109-1427,"org.eclipse.jdt.ui.CompilationUnitEditor",1339756810935
activated,perspective,org.eclipse.jst.j2ee.ui,1.1.503.v201201190400,"org.eclipse.jst.j2ee.J2EEPerspective",1339756815463
activated,view,com.android.ide.eclipse.ddms,18.0.0.v201203301601-306762,"com.android.ide.eclipse.ddms.views.LogCatView",1339756846294
deactivated,workbench,org.eclipse.ui.workbench,3.7.1.v20120104-1859,"",1339756862961
activated,workbench,org.eclipse.ui.workbench,3.7.1.v20120104-1859,"",1339757121432
activated,perspective,org.eclipse.jdt.ui,3.7.2.v20120109-1427,"org.eclipse.jdt.ui.JavaPerspective",1339757130194
activated,editor,org.eclipse.jdt.ui,3.7.2.v20120109-1427,"org.eclipse.jdt.ui.CompilationUnitEditor",1339757130219
deactivated,workbench,org.eclipse.ui.workbench,3.7.1.v20120104-1859,"",1339757136476
activated,workbench,org.eclipse.ui.workbench,3.7.1.v20120104-1859,"",1339757137554
activated,perspective,org.eclipse.jst.j2ee.ui,1.1.503.v201201190400,"org.eclipse.jst.j2ee.J2EEPerspective",1339757142806
executed,command,org.eclipse.ui,3.7.0.v20110928-1505,"org.eclipse.ui.file.save",1339757160162
executed,command,org.eclipse.ui,3.7.0.v20110928-1505,"org.eclipse.ui.edit.undo",1339757193773
executed,command,org.eclipse.ui,3.7.0.v20110928-1505,"org.eclipse.ui.edit.redo",1339757197504
executed,command,org.eclipse.ui,3.7.0.v20110928-1505,"org.eclipse.ui.file.save",1339757199937
executed,command,,,"AUTOGEN:::org.eclipse.jdt.internal.ui.CompilationUnitEditor.ruler.actions/org.eclipse.jdt.internal.ui.javaeditor.JavaSelectRulerAction",1339757207066
executed,command,org.eclipse.ui,3.7.0.v20110928-1505,"org.eclipse.ui.file.save",1339757222827
executed,command,org.eclipse.ui,3.7.0.v20110928-1505,"org.eclipse.ui.file.save",1339757247050
activated,view,org.eclipse.ui.navigator.resources,3.4.300.v20110928-1505,"org.eclipse.ui.navigator.ProjectExplorer",1339757249524
started,bundle,org.eclipse.rse.services,3.2.101.R33x_v201109141647,"org.eclipse.rse.services",1339757250734
started,bundle,org.eclipse.rse.core,3.2.2.R33x_v201110030150,"org.eclipse.rse.core",1339757250797
started,bundle,org.eclipse.rse.ui,3.2.1.R33x_v201109141647,"org.eclipse.rse.ui",1339757251278
started,bundle,org.eclipse.rse.subsystems.files.core,3.2.101.R33x_v201107181530,"org.eclipse.rse.subsystems.files.core",1339757251282
started,bundle,org.eclipse.rse.subsystems.files.local,2.1.200.v201101042155,"org.eclipse.rse.subsystems.files.local",1339757251283
started,bundle,org.eclipse.rse.files.ui,3.2.1.R33x_v201109141647,"org.eclipse.rse.files.ui",1339757251311
started,bundle,org.eclipse.rse.connectorservice.local,2.1.300.v201101042155,"org.eclipse.rse.connectorservice.local",1339757251336
started,bundle,org.eclipse.rse.services.local,2.1.300.v201105311250,"org.eclipse.rse.services.local",1339757251345
started,bundle,org.eclipse.rse.subsystems.shells.core,3.1.201.R33x_v201106281309,"org.eclipse.rse.subsystems.shells.core",1339757251419
started,bundle,org.eclipse.rse.subsystems.shells.local,2.1.300.v201101042155,"org.eclipse.rse.subsystems.shells.local",1339757251420
executed,command,,,"com.android.ide.eclipse.adt.debug.launching.LaunchShortcut.debug",1339757254284
executed,command,,,"com.android.ide.eclipse.adt.debug.launching.LaunchShortcut.run",1339757257819
deactivated,workbench,org.eclipse.ui.workbench,3.7.1.v20120104-1859,"",1339757258603
activated,view,com.android.ide.eclipse.ddms,18.0.0.v201203301601-306762,"com.android.ide.eclipse.ddms.views.LogCatView",1339757279091
activated,workbench,org.eclipse.ui.workbench,3.7.1.v20120104-1859,"",1339757284807
activated,editor,org.eclipse.jdt.ui,3.7.2.v20120109-1427,"org.eclipse.jdt.ui.CompilationUnitEditor",1339757284837
executed,command,org.eclipse.ui,3.7.0.v20110928-1505,"org.eclipse.ui.edit.undo",1339757295705
executed,command,org.eclipse.ui,3.7.0.v20110928-1505,"org.eclipse.ui.edit.undo",1339757296125
executed,command,org.eclipse.ui,3.7.0.v20110928-1505,"org.eclipse.ui.edit.undo",1339757296548
executed,command,org.eclipse.ui,3.7.0.v20110928-1505,"org.eclipse.ui.edit.undo",1339757299584
executed,command,org.eclipse.ui,3.7.0.v20110928-1505,"org.eclipse.ui.edit.undo",1339757300024
executed,command,org.eclipse.ui,3.7.0.v20110928-1505,"org.eclipse.ui.edit.undo",1339757300613
executed,command,org.eclipse.ui,3.7.0.v20110928-1505,"org.eclipse.ui.edit.undo",1339757301241
executed,command,org.eclipse.ui,3.7.0.v20110928-1505,"org.eclipse.ui.edit.undo",1339757302250
executed,command,org.eclipse.ui,3.7.0.v20110928-1505,"org.eclipse.ui.file.save",1339757303458
executed,command,,,"AUTOGEN:::org.eclipse.jdt.debug.CompilationUnitEditor.BreakpointRulerActions/org.eclipse.jdt.debug.ui.actions.ManageBreakpointRulerAction",1339757323512
started,bundle,org.eclipse.wst.server.core,1.1.304.v20120208_1420,"org.eclipse.wst.server.core",1339757325016
started,bundle,org.eclipse.wst.server.ui,1.3.0.v20120210_1439,"org.eclipse.wst.server.ui",1339757325028
deactivated,workbench,org.eclipse.ui.workbench,3.7.1.v20120104-1859,"",1339757329088
activated,workbench,org.eclipse.ui.workbench,3.7.1.v20120104-1859,"",1339757350219
deactivated,workbench,org.eclipse.ui.workbench,3.7.1.v20120104-1859,"",1339757350235
activated,workbench,org.eclipse.ui.workbench,3.7.1.v20120104-1859,"",1339757351551
opened,view,org.eclipse.debug.ui,3.7.102.v20111129-1423_r372,"org.eclipse.debug.ui.DebugView",1339757351694
opened,view,org.eclipse.debug.ui,3.7.102.v20111129-1423_r372,"org.eclipse.debug.ui.BreakpointView",1339757351775
activated,perspective,org.eclipse.debug.ui,3.7.102.v20111129-1423_r372,"org.eclipse.debug.ui.DebugPerspective",1339757351810
opened,view,org.eclipse.debug.ui,3.7.102.v20111129-1423_r372,"org.eclipse.debug.ui.VariableView",1339757352479
executed,command,org.eclipse.debug.ui,3.7.102.v20111129-1423_r372,"org.eclipse.debug.ui.commands.StepOver",1339757356080
deactivated,workbench,org.eclipse.ui.workbench,3.7.1.v20120104-1859,"",1339757364610
activated,workbench,org.eclipse.ui.workbench,3.7.1.v20120104-1859,"",1339757371270
executed,command,org.eclipse.debug.ui,3.7.102.v20111129-1423_r372,"org.eclipse.debug.ui.commands.StepOver",1339757373683
executed,command,org.eclipse.debug.ui,3.7.102.v20111129-1423_r372,"org.eclipse.debug.ui.commands.StepOver",1339757376795
error,log,,,"Problems occurred when invoking code from plug-in: ""org.eclipse.debug.core"".",1339757377364
error,log,,,"Error logged from Debug Core: ",1339757377367
opened,editor,org.eclipse.debug.ui,3.7.102.v20111129-1423_r372,"org.eclipse.debug.ui.sourcelookup.CommonSourceNotFoundEditor",1339757377694
activated,editor,org.eclipse.debug.ui,3.7.102.v20111129-1423_r372,"org.eclipse.debug.ui.sourcelookup.CommonSourceNotFoundEditor",1339757377720
activated,editor,org.eclipse.jdt.ui,3.7.2.v20120109-1427,"org.eclipse.jdt.ui.CompilationUnitEditor",1339757379301
closed,editor,org.eclipse.debug.ui,3.7.102.v20111129-1423_r372,"org.eclipse.debug.ui.sourcelookup.CommonSourceNotFoundEditor",1339757379302
error,log,,,"Internal error logged from JDI Debug: ",1339757381756
executed,command,org.eclipse.debug.ui,3.7.102.v20111129-1423_r372,"org.eclipse.debug.ui.commands.StepOver",1339757394872
opened,editor,org.eclipse.debug.ui,3.7.102.v20111129-1423_r372,"org.eclipse.debug.ui.sourcelookup.CommonSourceNotFoundEditor",1339757395044
activated,editor,org.eclipse.debug.ui,3.7.102.v20111129-1423_r372,"org.eclipse.debug.ui.sourcelookup.CommonSourceNotFoundEditor",1339757395078
activated,editor,org.eclipse.jdt.ui,3.7.2.v20120109-1427,"org.eclipse.jdt.ui.CompilationUnitEditor",1339757398866
closed,editor,org.eclipse.debug.ui,3.7.102.v20111129-1423_r372,"org.eclipse.debug.ui.sourcelookup.CommonSourceNotFoundEditor",1339757398866
executed,command,org.eclipse.ui,3.7.0.v20110928-1505,"org.eclipse.ui.file.save",1339757417166
deactivated,workbench,org.eclipse.ui.workbench,3.7.1.v20120104-1859,"",1339757417479
activated,workbench,org.eclipse.ui.workbench,3.7.1.v20120104-1859,"",1339757419405
activated,perspective,org.eclipse.jst.j2ee.ui,1.1.503.v201201190400,"org.eclipse.jst.j2ee.J2EEPerspective",1339757422495
executed,command,org.eclipse.ui,3.7.0.v20110928-1505,"org.eclipse.ui.edit.undo",1339757476363
executed,command,org.eclipse.ui,3.7.0.v20110928-1505,"org.eclipse.ui.edit.undo",1339757477121
executed,command,org.eclipse.ui,3.7.0.v20110928-1505,"org.eclipse.ui.file.save",1339757478019
activated,editor,org.eclipse.jdt.ui,3.7.2.v20120109-1427,"org.eclipse.jdt.ui.CompilationUnitEditor",1339757480425
executed,command,org.eclipse.ui,3.7.0.v20110928-1505,"org.eclipse.ui.edit.delete",1339757715469
executed,command,org.eclipse.ui,3.7.0.v20110928-1505,"org.eclipse.ui.edit.delete",1339757715921
executed,command,org.eclipse.ui,3.7.0.v20110928-1505,"org.eclipse.ui.edit.delete",1339757716280
executed,command,org.eclipse.ui,3.7.0.v20110928-1505,"org.eclipse.ui.edit.delete",1339757716528
executed,command,org.eclipse.ui,3.7.0.v20110928-1505,"org.eclipse.ui.edit.delete",1339757716760
executed,command,org.eclipse.ui,3.7.0.v20110928-1505,"org.eclipse.ui.edit.delete",1339757717016
executed,command,org.eclipse.ui,3.7.0.v20110928-1505,"org.eclipse.ui.edit.delete",1339757717326
executed,command,org.eclipse.ui,3.7.0.v20110928-1505,"org.eclipse.ui.edit.delete",1339757717656
executed,command,org.eclipse.ui,3.7.0.v20110928-1505,"org.eclipse.ui.file.save",1339757722808
executed,command,org.eclipse.ui,3.7.0.v20110928-1505,"org.eclipse.ui.edit.selectAll",1339757723632
executed,command,org.eclipse.jdt.ui,3.7.2.v20120109-1427,"org.eclipse.jdt.ui.edit.text.java.indent",1339757724534
executed,command,org.eclipse.jdt.ui,3.7.2.v20120109-1427,"org.eclipse.jdt.ui.edit.text.java.indent",1339757725006
executed,command,org.eclipse.jdt.ui,3.7.2.v20120109-1427,"org.eclipse.jdt.ui.edit.text.java.indent",1339757725018
executed,command,org.eclipse.jdt.ui,3.7.2.v20120109-1427,"org.eclipse.jdt.ui.edit.text.java.indent",1339757725048
executed,command,org.eclipse.jdt.ui,3.7.2.v20120109-1427,"org.eclipse.jdt.ui.edit.text.java.indent",1339757725081
executed,command,org.eclipse.jdt.ui,3.7.2.v20120109-1427,"org.eclipse.jdt.ui.edit.text.java.indent",1339757725114
executed,command,org.eclipse.jdt.ui,3.7.2.v20120109-1427,"org.eclipse.jdt.ui.edit.text.java.indent",1339757725147
executed,command,org.eclipse.jdt.ui,3.7.2.v20120109-1427,"org.eclipse.jdt.ui.edit.text.java.indent",1339757725180
executed,command,org.eclipse.jdt.ui,3.7.2.v20120109-1427,"org.eclipse.jdt.ui.edit.text.java.indent",1339757725315
executed,command,org.eclipse.jdt.ui,3.7.2.v20120109-1427,"org.eclipse.jdt.ui.edit.text.java.indent",1339757725642
executed,command,org.eclipse.ui,3.7.0.v20110928-1505,"org.eclipse.ui.edit.copy",1339757792824
executed,command,org.eclipse.ui,3.7.0.v20110928-1505,"org.eclipse.ui.edit.paste",1339757798386
executed,command,org.eclipse.ui,3.7.0.v20110928-1505,"org.eclipse.ui.edit.copy",1339757807543
executed,command,org.eclipse.ui,3.7.0.v20110928-1505,"org.eclipse.ui.edit.paste",1339757809687
executed,command,org.eclipse.ui,3.7.0.v20110928-1505,"org.eclipse.ui.file.save",1339757810284
activated,view,org.eclipse.ui.navigator.resources,3.4.300.v20110928-1505,"org.eclipse.ui.navigator.ProjectExplorer",1339757813089
executed,command,,,"com.android.ide.eclipse.adt.debug.launching.LaunchShortcut.run",1339757816146
deactivated,workbench,org.eclipse.ui.workbench,3.7.1.v20120104-1859,"",1339757823882
activated,workbench,org.eclipse.ui.workbench,3.7.1.v20120104-1859,"",1339757827321
activated,editor,org.eclipse.jdt.ui,3.7.2.v20120109-1427,"org.eclipse.jdt.ui.CompilationUnitEditor",1339757827337
deactivated,workbench,org.eclipse.ui.workbench,3.7.1.v20120104-1859,"",1339757828815
activated,view,com.android.ide.eclipse.ddms,18.0.0.v201203301601-306762,"com.android.ide.eclipse.ddms.views.LogCatView",1339757834004
activated,workbench,org.eclipse.ui.workbench,3.7.1.v20120104-1859,"",1339757836787
activated,editor,org.eclipse.jdt.ui,3.7.2.v20120109-1427,"org.eclipse.jdt.ui.CompilationUnitEditor",1339757836816
activated,view,com.android.ide.eclipse.ddms,18.0.0.v201203301601-306762,"com.android.ide.eclipse.ddms.views.LogCatView",1339757836944
activated,editor,org.eclipse.jdt.ui,3.7.2.v20120109-1427,"org.eclipse.jdt.ui.CompilationUnitEditor",1339757865230
activated,editor,org.eclipse.jdt.ui,3.7.2.v20120109-1427,"org.eclipse.jdt.ui.CompilationUnitEditor",1339757867918
activated,view,com.android.ide.eclipse.ddms,18.0.0.v201203301601-306762,"com.android.ide.eclipse.ddms.views.LogCatView",1339757872211
activated,editor,org.eclipse.jdt.ui,3.7.2.v20120109-1427,"org.eclipse.jdt.ui.CompilationUnitEditor",1339757876201
activated,perspective,org.eclipse.jdt.ui,3.7.2.v20120109-1427,"org.eclipse.jdt.ui.JavaPerspective",1339757876226
activated,view,org.eclipse.mylyn.tasks.ui,3.7.1.v20120425-0100,"org.eclipse.mylyn.tasks.ui.views.tasks",1339757883444
activated,editor,org.eclipse.jdt.ui,3.7.2.v20120109-1427,"org.eclipse.jdt.ui.CompilationUnitEditor",1339757883477
activated,view,org.eclipse.ui.views,3.6.0.v20110928-1505,"org.eclipse.ui.views.ContentOutline",1339757887366
activated,editor,org.eclipse.jdt.ui,3.7.2.v20120109-1427,"org.eclipse.jdt.ui.CompilationUnitEditor",1339757887391
activated,view,org.eclipse.mylyn.tasks.ui,3.7.1.v20120425-0100,"org.eclipse.mylyn.tasks.ui.views.tasks",1339757890070
activated,editor,org.eclipse.jdt.ui,3.7.2.v20120109-1427,"org.eclipse.jdt.ui.CompilationUnitEditor",1339757891100
activated,view,org.eclipse.ui.ide,3.7.0.v20110928-1505,"org.eclipse.ui.views.ProblemView",1339757894192
activated,editor,org.eclipse.jdt.ui,3.7.2.v20120109-1427,"org.eclipse.jdt.ui.CompilationUnitEditor",1339757894215
deactivated,workbench,org.eclipse.ui.workbench,3.7.1.v20120104-1859,"",1339757927444
activated,workbench,org.eclipse.ui.workbench,3.7.1.v20120104-1859,"",1339757930132
deactivated,workbench,org.eclipse.ui.workbench,3.7.1.v20120104-1859,"",1339757931459
activated,workbench,org.eclipse.ui.workbench,3.7.1.v20120104-1859,"",1339757999394
deactivated,workbench,org.eclipse.ui.workbench,3.7.1.v20120104-1859,"",1339758004118
activated,workbench,org.eclipse.ui.workbench,3.7.1.v20120104-1859,"",1339758031114
executed,command,org.eclipse.ui,3.7.0.v20110928-1505,"org.eclipse.ui.edit.delete",1339758164047
executed,command,org.eclipse.ui,3.7.0.v20110928-1505,"org.eclipse.ui.file.save",1339758165150
deactivated,workbench,org.eclipse.ui.workbench,3.7.1.v20120104-1859,"",1339758168052
activated,workbench,org.eclipse.ui.workbench,3.7.1.v20120104-1859,"",1339758244359
deactivated,workbench,org.eclipse.ui.workbench,3.7.1.v20120104-1859,"",1339758256479
activated,workbench,org.eclipse.ui.workbench,3.7.1.v20120104-1859,"",1339758264091
deactivated,workbench,org.eclipse.ui.workbench,3.7.1.v20120104-1859,"",1339758736962
activated,workbench,org.eclipse.ui.workbench,3.7.1.v20120104-1859,"",1339759498736
deactivated,workbench,org.eclipse.ui.workbench,3.7.1.v20120104-1859,"",1339759499817
activated,workbench,org.eclipse.ui.workbench,3.7.1.v20120104-1859,"",1339759532141
deactivated,workbench,org.eclipse.ui.workbench,3.7.1.v20120104-1859,"",1339759535407
activated,workbench,org.eclipse.ui.workbench,3.7.1.v20120104-1859,"",1339759538601
deactivated,workbench,org.eclipse.ui.workbench,3.7.1.v20120104-1859,"",1339759544309
activated,workbench,org.eclipse.ui.workbench,3.7.1.v20120104-1859,"",1339759698573
deactivated,workbench,org.eclipse.ui.workbench,3.7.1.v20120104-1859,"",1339759709875
activated,workbench,org.eclipse.ui.workbench,3.7.1.v20120104-1859,"",1339759786731
deactivated,workbench,org.eclipse.ui.workbench,3.7.1.v20120104-1859,"",1339759794731
activated,workbench,org.eclipse.ui.workbench,3.7.1.v20120104-1859,"",1339759799175
deactivated,workbench,org.eclipse.ui.workbench,3.7.1.v20120104-1859,"",1339759800469
activated,workbench,org.eclipse.ui.workbench,3.7.1.v20120104-1859,"",1339759838542
activated,view,org.eclipse.jdt.ui,3.7.2.v20120109-1427,"org.eclipse.jdt.ui.PackageExplorer",1339760177458
activated,editor,org.eclipse.jdt.ui,3.7.2.v20120109-1427,"org.eclipse.jdt.ui.CompilationUnitEditor",1339760179935
activated,view,org.eclipse.jdt.ui,3.7.2.v20120109-1427,"org.eclipse.jdt.ui.PackageExplorer",1339760189129
activated,editor,org.eclipse.jdt.ui,3.7.2.v20120109-1427,"org.eclipse.jdt.ui.CompilationUnitEditor",1339760191990
